Periode,Tahun,Bulan,Umum,Bahan Makanan,"Makanan jadi, Minuman, Rokok, dan Tembakau","Perumahan, Air, Listrik, Gas dan Bahan Bakar",Sandang,Kesehatan,"Pendidikan, Rekreasi, dan Olahraga","Transportasi, Komunikasi, dan Jasa Keuangan"
Jan-2011,2011,Jan,130.16,158.95,143.85,123.55,119.5,115.03,129.44,102.22
Feb-2011,2011,Feb,131.02,158.91,147.96,124.12,119.61,115.61,129.47,102.03
Mar-2011,2011,Mar,131.9,158.21,148.8,127.6,120.06,115.85,129.33,102.39
Apr-2011,2011,Apr,129.96,149.0,148.78,127.68,120.21,115.85,128.8,102.84
Mei-2011,2011,Mei,130.72,151.72,148.72,127.71,120.29,116.05,128.95,103.49
Jun-2011,2011,Jun,130.99,152.17,148.56,127.73,121.25,117.87,129.47,103.58
Jul-2011,2011,Jul,132.79,158.08,148.68,128.32,121.59,117.87,133.76,104.01
Agu-2011,2011,Agu,135.33,165.57,150.28,128.26,125.01,117.97,133.63,105.9
Sep-2011,2011,Sep,132.18,152.65,150.41,128.3,126.19,117.17,133.65,104.13
Okt-2011,2011,Okt,131.88,149.33,152.14,128.45,125.36,119.31,133.9,104.25
Nov-2011,2011,Nov,132.44,149.53,151.98,130.61,126.4,119.31,133.83,104.25
Des-2011,2011,Des,134.45,157.81,151.97,131.15,126.77,119.31,133.86,104.42
Jan-2012,2012,Jan,135.06,157.34,152.14,134.33,128.68,119.34,133.7,103.76
Feb-2012,2012,Feb,135.0,154.84,152.81,135.78,128.83,119.71,133.69,103.87
Mar-2012,2012,Mar,135.2,154.33,154.51,135.54,129.23,120.71,133.41,103.86
Apr-2012,2012,Apr,135.41,152.85,156.18,136.67,128.73,120.71,133.42,103.94
Mei-2012,2012,Mei,136.24,150.96,161.14,135.78,129.23,120.99,133.4,106.34
Jun-2012,2012,Jun,137.53,155.14,161.69,135.67,128.85,125.16,134.86,106.56
Jul-2012,2012,Jul,140.09,166.58,162.48,136.14,129.79,125.97,136.03,104.82
Agu-2012,2012,Agu,144.02,177.3,165.69,137.47,130.53,126.44,137.84,107.32
Sep-2012,2012,Sep,141.14,162.07,168.03,137.41,131.8,126.44,137.84,107.23
Okt-2012,2012,Okt,140.71,159.33,168.31,137.49,132.28,128.14,137.92,107.19
Nov-2012,2012,Nov,139.98,156.47,168.29,137.98,131.64,128.59,138.17,106.25
Des-2012,2012,Des,142.34,165.5,169.54,137.98,130.2,128.08,138.09,107.51
Jan-2013,2013,Jan,142.6,168.9,169.69,138.13,129.62,128.08,138.09,105.08
Feb-2013,2013,Feb,143.42,170.02,169.8,141.08,128.96,128.08,138.19,104.77
Mar-2013,2013,Mar,143.27,168.14,169.84,141.08,128.41,128.68,138.19,105.94
Apr-2013,2013,Apr,141.91,161.89,169.82,141.14,128.36,128.68,138.08,106.11
Mei-2013,2013,Mei,141.64,159.15,170.65,141.72,129.09,128.68,138.08,106.11
Jun-2013,2013,Jun,142.88,161.12,170.66,141.7,129.55,128.2,138.83,109.72
Jul-2013,2013,Jul,149.44,176.75,175.8,143.55,129.98,128.71,145.87,116.06
Agu-2013,2013,Agu,152.58,188.04,178.67,142.36,129.98,128.71,145.75,118.0
Sep-2013,2013,Sep,151.43,179.31,181.79,142.59,132.08,129.79,146.22,117.71
Okt-2013,2013,Okt,150.38,171.65,185.0,142.61,132.23,129.79,146.85,117.75
Nov-2013,2013,Nov,151.39,172.47,187.99,143.26,132.5,129.62,146.73,118.42
Des-2013,2013,Des,153.12,178.04,188.2,143.42,132.13,129.97,146.51,120.56
Jan-2014,2014,Jan,111.58,116.41,118.0,106.39,103.87,104.54,107.58,112.73
Feb-2014,2014,Feb,110.78,112.13,118.76,106.88,103.8,103.64,107.85,110.72
Mar-2014,2014,Mar,111.45,112.11,119.3,107.27,103.76,103.98,107.85,112.54
Apr-2014,2014,Apr,111.68,110.18,120.95,108.1,103.28,103.98,107.85,113.8
Mei-2014,2014,Mei,112.58,111.56,122.29,108.13,103.46,104.56,107.44,115.62
Jun-2014,2014,Jun,113.64,113.26,123.72,108.97,104.78,107.79,107.42,115.67
Jul-2014,2014,Jul,115.38,116.94,126.1,109.21,105.23,108.56,109.47,117.15
Agu-2014,2014,Agu,115.54,115.82,126.02,110.24,105.22,109.63,111.75,116.9
Sep-2014,2014,Sep,109.16,112.54,113.42,105.13,102.94,103.78,107.41,110.1
Okt-2014,2014,Okt,116.63,118.14,126.91,111.36,106.78,111.13,112.15,116.81
Nov-2014,2014,Nov,116.87,113.73,126.99,111.76,106.7,111.12,112.15,122.3
Des-2014,2014,Des,120.21,122.39,128.19,113.76,106.7,111.12,112.15,122.3
Jan-2015,2015,Jan,120.35,125.84,129.16,114.52,106.4,111.98,113.43,121.51
Feb-2015,2015,Feb,118.14,118.26,129.13,114.78,106.95,112.15,113.53,117.13
Mar-2015,2015,Mar,117.34,111.55,129.44,115.12,106.55,112.27,113.57,119.37
Apr-2015,2015,Apr,117.78,108.86,130.54,115.77,106.52,112.28,113.84,122.49
Mei-2015,2015,Mei,120.42,120.87,131.66,115.89,106.62,112.33,113.84,122.42
Jun-2015,2015,Jun,120.46,120.09,132.34,116.05,106.69,112.49,113.87,122.47
Jul-2015,2015,Jul,122.05,123.31,132.83,116.26,105.85,112.6,114.05,127.01
Agu-2015,2015,Agu,121.14,120.18,132.94,116.92,105.59,113.16,117.73,123.12
Sep-2015,2015,Sep,121.29,119.3,133.83,116.9,107.05,113.49,121.59,121.99
Okt-2015,2015,Okt,122.24,120.25,134.77,116.95,107.32,113.57,121.63,124.9
Nov-2015,2015,Nov,122.81,123.22,134.94,117.11,105.98,113.87,121.63,124.76
Des-2015,2015,Des,125.22,132.26,135.88,118.04,105.95,114.47,121.63,125.7
Jan-2016,2016,Jan,124.71,128.31,136.92,117.99,106.14,114.45,121.68,126.06
Feb-2016,2016,Feb,123.95,126.05,137.23,117.24,106.64,114.91,121.72,124.69
Mar-2016,2016,Mar,124.42,128.48,137.33,117.03,106.9,115.1,121.76,124.63
Apr-2016,2016,Apr,123.76,127.33,137.58,116.87,106.88,115.23,121.79,122.2
Mei-2016,2016,Mei,124.75,130.1,137.99,116.95,106.79,115.42,121.82,124.03
Jun-2016,2016,Jun,125.53,129.59,138.82,117.69,107.09,116.48,121.77,126.55
Jul-2016,2016,Jul,126.02,129.68,139.01,118.04,108.17,116.77,125.03,126.9
Agu-2016,2016,Agu,125.5,127.8,138.99,118.22,108.29,116.8,125.03,125.86
Sep-2016,2016,Sep,126.24,129.2,138.83,118.19,108.28,117.45,127.88,127.44
Okt-2016,2016,Okt,125.04,123.96,139.99,118.4,108.66,117.52,127.88,124.88
Nov-2016,2016,Nov,125.65,127.42,140.34,118.37,109.34,118.19,127.87,123.71
Des-2016,2016,Des,127.09,131.65,140.68,118.53,109.56,118.34,127.25,126.48
Jan-2017,2017,Jan,128.77,133.82,140.8,121.79,109.52,118.35,127.21,128.86
Feb-2017,2017,Feb,123.95,126.05,137.23,117.24,106.64,114.91,121.72,124.69
Mar-2017,2017,Mar,129.46,132.68,141.16,124.47,110.07,118.45,127.18,129.69
Apr-2017,2017,Apr,130.06,132.39,141.23,126.68,110.01,119.44,127.18,130.07
Mei-2017,2017,Mei,131.11,134.6,142.98,127.19,110.1,119.58,127.3,130.68
Jun-2017,2017,Jun,132.1,133.6,143.05,128.62,110.64,120.05,127.62,134.73
Jul-2017,2017,Jul,-,-,-,-,-,-,-,-
Agu-2017,2017,Agu,132.23,139.17,143.8,128.42,111.04,120.46,125.42,129.44
Sep-2017,2017,Sep,132.06,137.78,144.22,128.3,111.34,120.29,125.42,129.62
Okt-2017,2017,Okt,130.33,128.61,144.3,128.24,111.8,121.75,125.47,129.62
Nov-2017,2017,Nov,130.15,127.25,144.53,128.37,111.96,122.64,125.3,129.46
Des-2017,2017,Des,132.59,136.64,144.85,129.8,111.85,122.64,125.27,130.37
Jan-2018,2018,Jan,133.5,140.51,145.79,129.87,112.33,122.64,125.5,129.74
Feb-2018,2018,Feb,133.08,136.41,130.52,130.52,112.7,125.26,126.08,129.96
Mar-2018,2018,Mar,132.97,133.85,146.25,130.72,114.5,126.51,126.58,130.42
Apr-2018,2018,Apr,133.98,138.53,146.89,130.77,114.05,126.23,126.54,130.3
Mei-2018,2018,Mei,134.33,138.7,147.15,130.95,114.75,127.31,126.83,130.88
Jun-2018,2018,Jun,136.87,144.52,147.47,130.99,114.24,127.67,126.89,138.09
Jul-2018,2018,Jul,137.14,146.29,148.49,130.92,114.38,127.94,127.0,136.42
Agu-2018,2018,Agu,137.06,146.96,149.77,130.83,114.33,128.09,129.17,133.2
Sep-2018,2018,Sep,135.39,136.83,149.85,131.0,114.29,128.33,134.49,132.92
Okt-2018,2018,Okt,138.46,142.23,155.63,131.79,114.35,128.85,135.04,135.94
Nov-2018,2018,Nov,139.61,141.56,156.21,134.86,114.91,129.19,135.08,137.96
Des-2018,2018,Des,141.15,145.34,156.61,135.87,114.22,130.26,135.3,140.39
Jan-2019,2019,Jan,141.45,146.36,157.25,136.28,114.55,132.82,135.4,138.91
Feb-2019,2019,Feb,141.04,143.69,157.72,135.8,115.49,133.43,136.13,138.96
Mar-2019,2019,Mar,140.4,137.09,157.73,135.9,115.96,133.09,136.13,142.4
Apr-2019,2019,Apr,141.41,141.48,157.88,135.78,115.98,133.36,136.17,143.03
Mei-2019,2019,Mei,142.78,146.75,158.91,135.65,116.07,133.49,136.14,143.76
Jun-2019,2019,Jun,144.15,151.55,159.47,135.66,116.87,133.23,136.14,145.16
Jul-2019,2019,Jul,143.17,150.09,159.48,135.22,117.74,133.45,138.62,140.76
Agu-2019,2019,Agu,143.62,148.7,160.12,135.31,118.75,133.39,138.94,137.93
Sep-2019,2019,Sep,143.12,148.7,160.12,135.13,120.22,133.68,140.95,139.68
Okt-2019,2019,Okt,142.83,148.44,160.24,135.12,120.44,134.2,140.95,138.11
Nov-2019,2019,Nov,143.21,149.62,160.72,135.2,120.15,134.56,140.96,138.26
Des-2019,2019,Des,144.4,150.57,161.96,135.4,120.0,135.19,140.96,141.97
Jan-2020,2020,Jan,104.96,106.42,103.57,102.74,102.53,106.7,104.56,102.27
Feb-2020,2020,Feb,105.53,108.54,103.97,102.7,102.59,106.88,104.49,102.27
Mar-2020,2020,Mar,105.16,107.05,104.4,102.65,102.62,107.52,103.84,102.14
Apr-2020,2020,Apr,105.34,108.4,104.4,102.65,102.65,107.52,103.27,100.11
Mei-2020,2020,Mei,105.5,108.91,104.57,102.7,102.63,107.52,103.37,100.11
Jun-2020,2020,Jun,105.86,109.5,104.9,102.72,102.51,107.56,104.73,100.11
Jul-2020,2020,Jul,106.03,108.86,105.51,102.6,102.83,107.6,105.66,99.91
Agu-2020,2020,Agu,106.1,108.25,105.73,102.7,102.92,107.79,105.91,99.91
Sep-2020,2020,Sep,105.99,108.09,105.97,102.79,102.92,108.44,104.91,99.91
Okt-2020,2020,Okt,106.42,108.54,106.82,102.79,103.02,108.44,106.82,99.91
Nov-2020,2020,Nov,106.46,109.55,107.37,102.75,103.0,108.5,104.95,99.91
Des-2020,2020,Des,107.13,111.35,107.23,102.77,103.04,108.52,106.26,99.91
Jan-2021,2021,Jan,107.4,113.28,107.42,103.0,103.19,108.52,103.88,99.85
Feb-2021,2021,Feb,107.57,113.57,107.64,103.23,103.39,108.6,104.11,99.76
Mar-2021,2021,Mar,107.8,114.82,108.16,103.36,103.51,108.7,102.91,99.87
Apr-2021,2021,Apr,107.89,114.5,108.01,103.54,103.69,108.7,103.13,100.93
Mei-2021,2021,Mei,108.62,116.24,108.37,103.7,104.32,108.7,103.92,100.84
Jun-2021,2021,Jun,107.69,113.02,108.48,103.7,104.32,108.35,102.87,100.84
Jul-2021,2021,Jul,107.81,113.09,108.89,104.18,104.52,108.36,102.3,100.96
Agu-2021,2021,Agu,108.34,114.09,108.6,104.17,104.72,110.0,103.82,100.96
Sep-2021,2021,Sep,108.33,113.74,108.58,104.4,104.72,110.9,103.89,100.96
Okt-2021,2021,Okt,108.38,113.86,108.25,104.7,105.2,110.9,103.34,101.05
Nov-2021,2021,Nov,108.58,112.3,107.73,104.71,105.28,110.9,107.4,101.05
Des-2021,2021,Des,109.42,114.2,107.35,105.3,105.66,111.21,109.19,100.16
Jan-2022,2022,Jan,110.63,116.35,107.8,107.38,106.74,111.21,109.3,100.55
Feb-2022,2022,Feb,110.06,113.17,108.48,108.94,106.69,110.5,108.33,99.92
Mar-2022,2022,Mar,111.28,114.3,110.6,111.22,108.37,109.7,109.43,100.14
Apr-2022,2022,Apr,112.86,119.06,110.63,111.51,108.56,109.59,111.6,100.27
Mei-2022,2022,Mei,112.64,117.25,110.48,111.62,108.96,109.44,112.73,100.42
Jun-2022,2022,Jun,112.97,117.15,110.38,112.08,110.09,109.93,112.9,100.48
Jul-2022,2022,Jul,114.31,119.62,110.78,113.39,109.96,109.96,114.96,101.04
Agu-2022,2022,Agu,114.6,120.22,110.09,114.18,110.02,110.11,114.77,101.03
Sep-2022,2022,Sep,115.2,118.86,110.19,114.1,110.05,110.73,121.73,100.47
Okt-2022,2022,Okt,114.97,115.75,111.03,115.4,110.32,110.77,122.77,100.31
Nov-2022,2022,Nov,114.86,114.37,110.57,116.12,110.23,111.34,123.06,100.36
Des-2022,2022,Des,115.78,118.09,110.26,116.04,110.23,111.5,123.11,100.36
Jan-2023,2023,Jan,116.39,120.12,110.45,116.14,110.6,111.61,122.54,100.36
Feb-2023,2023,Feb,116.19,120.23,110.29,116.16,110.73,111.61,121.32,100.36
Mar-2023,2023,Mar,116.78,122.36,109.92,115.97,111.32,111.12,121.84,100.39
Apr-2023,2023,Apr,116.83,122.21,109.72,116.01,111.63,111.42,121.96,100.36
Mei-2023,2023,Mei,116.86,123.1,109.76,115.78,111.9,111.51,120.39,100.36
Jun-2023,2023,Jun,117.07,122.73,109.83,115.75,111.9,112.06,122.31,100.36
Jul-2023,2023,Jul,117.2,122.99,109.64,115.85,111.93,112.15,122.43,100.35
Agu-2023,2023,Agu,117.35,123.56,109.84,115.77,112.11,111.32,122.62,100.35
Sep-2023,2023,Sep,117.48,124.19,110.24,115.11,112.3,111.58,122.96,100.45
Okt-2023,2023,Okt,117.58,123.39,110.28,116.46,112.4,111.42,123.12,100.45
Nov-2023,2023,Nov,117.79,123.92,110.09,116.43,112.35,111.55,123.51,100.46
Des-2023,2023,Des,117.94,124.53,109.88,116.23,112.37,111.55,123.7,100.5
